{
  "sample_sizes": {
    "control": 49694,
    "treatment": 49398
  },
  "aov": {
    "control": 159.8801293918744,
    "treatment": 170.03456194582776,
    "lift": 10.15443255395337,
    "ci": [
      7.357502172990275,
      13.111789599117508
    ],
    "p": 2.429566607491906e-12
  },
  "conversion": {
    "control": 0.9700165009860345,
    "treatment": 0.9718409652212641,
    "z": 1.7091387416920956,
    "p": 0.08742525275648716,
    "ci": [
      -0.0002675288039127792,
      0.003916457274371836
    ]
  },
  "d7": {
    "control": 0.008758576105770233,
    "treatment": 0.008406348675268188
  },
  "mde": {
    "aov": 4.317152837723078,
    "conversion": 0.003031081226913524
  },
  "simulated_effect": 0.05,
  "alpha": 0.05,
  "aov_adjusted": {
    "control": 160.63812780703438,
    "treatment": 169.27202149393162,
    "lift": 8.633893686897238,
    "ci": [
      6.150973636777385,
      11.146573603685807
    ],
    "theta": 4.956977470329654,
    "ci_width_ratio": 0.8681526654761796
  },
  "baseline_balance": {
    "order_value_gap": 0.012869320656627504
  }
}
