{
  "sample_sizes": {
    "control": 4045,
    "treatment": 3926
  },
  "aov": {
    "control": 160.45636093943156,
    "treatment": 168.9986928171166,
    "lift": 8.54233187768503,
    "ci": [
      -1.1224213182205383,
      18.563737801502562
    ],
    "p": 0.08937342712639253
  },
  "conversion": {
    "control": 0.9681087762669963,
    "treatment": 0.9773306164034641,
    "z": 2.52374380385827,
    "p": 0.01161125149336284,
    "ci": [
      0.0020804814707046015,
      0.016363198802230923
    ]
  },
  "d7": {
    "control": 0.0014903129657228018,
    "treatment": 0.001277139208173691
  },
  "mde": {
    "aov": 15.575408883923481,
    "conversion": 0.010946045345132348
  },
  "simulated_effect": 0.05,
  "alpha": 0.05
}
