{"scenarios": [{"scenario": "adverse", "verdict": "DO NOT SHIP", "n": {"control": 49694, "treatment": 49398}, "aov": {"control": 159.8801293918744, "treatment": 153.84079414146152, "lift": -6.039335250412876, "ci": [-8.688423129125754, -3.238055810122484], "p": 1.0840211112691945e-05}, "aov_adjusted": {"control": 160.63812780703438, "treatment": 153.07825368956705, "lift": -7.559874117467331, "ci": [-9.930334405518293, -5.192041976632583], "theta": 4.956977470329654, "ci_width_ratio": 0.869352862212637}, "conversion": {"control": 0.9700165009860345, "treatment": 0.9718409652212641, "z": 1.7091387416920956, "p": 0.08742525275648716, "ci": [-0.0002675288039127792, 0.003916457274371836]}, "d7": {"control": 0.008758576105770233, "treatment": 0.008406348675268188}, "mde": {"aov": 3.9059954246065938, "conversion": 0.003031081226913524}, "balance": {"order_value_gap": 0.012869320656627504}, "simulated_effect": -0.05, "alpha": 0.05}, {"scenario": "null", "verdict": "NEED MORE DATA", "n": {"control": 49694, "treatment": 49398}, "aov": {"control": 159.8801293918744, "treatment": 161.93767804364114, "lift": 2.0575486517667514, "ci": [-0.6713139683494795, 4.932081403807912], "p": 0.14459216114990464}, "aov_adjusted": {"control": 160.63812780703438, "treatment": 161.17513759174935, "lift": 0.537009784714968, "ci": [-1.8823938231317319, 2.9603964684509636], "theta": 4.956977470329654, "ci_width_ratio": 0.8642599655997769}, "conversion": {"control": 0.9700165009860345, "treatment": 0.9718409652212641, "z": 1.7091387416920956, "p": 0.08742525275648716, "ci": [-0.0002675288039127792, 0.003916457274371836]}, "d7": {"control": 0.008758576105770233, "treatment": 0.008406348675268188}, "mde": {"aov": 4.1115741311648355, "conversion": 0.003031081226913524}, "balance": {"order_value_gap": 0.012869320656627504}, "simulated_effect": 0.0, "alpha": 0.05}, {"scenario": "large", "verdict": "SHIP", "n": {"control": 49694, "treatment": 49398}, "aov": {"control": 159.8801293918744, "treatment": 170.03456194582776, "lift": 10.15443255395337, "ci": [7.357502172990275, 13.111789599117508], "p": 2.429566607491906e-12}, "aov_adjusted": {"control": 160.63812780703438, "treatment": 169.27202149393162, "lift": 8.633893686897238, "ci": [6.150973636777385, 11.146573603685807], "theta": 4.956977470329654, "ci_width_ratio": 0.8681526654761796}, "conversion": {"control": 0.9700165009860345, "treatment": 0.9718409652212641, "z": 1.7091387416920956, "p": 0.08742525275648716, "ci": [-0.0002675288039127792, 0.003916457274371836]}, "d7": {"control": 0.008758576105770233, "treatment": 0.008406348675268188}, "mde": {"aov": 4.317152837723078, "conversion": 0.003031081226913524}, "balance": {"order_value_gap": 0.012869320656627504}, "simulated_effect": 0.05, "alpha": 0.05}], "motivation": {"cohort_window": ["2017-01-01", "2018-09-01"], "n_orders": 99092, "buckets": [{"bucket": "1", "n_orders": 48122, "aov": 120.976147}, {"bucket": "2-3", "n_orders": 22717, "aov": 136.110219}, {"bucket": "4-6", "n_orders": 16141, "aov": 182.686932}, {"bucket": "7+", "n_orders": 12112, "aov": 337.029458}], "share_multi_installment_orders": 0.5143704839946717, "credit_card_value_share": 0.7835640462008666}, "did": {"event": "truckers_strike_2018", "outcome": "delivery_days", "verdict": "FAIL", "conditions": {"dated_boundary": {"passed": true, "boundary_date": "2018-05-21"}, "exogenous_assignment": {"passed": true, "treated_states": ["AC", "AM", "AP", "PA", "RO", "RR", "TO", "AL", "BA", "CE", "MA", "PB", "PE", "PI", "RN", "SE"], "control_states": ["ES", "MG", "RJ", "SP", "PR", "RS", "SC"], "excluded_states": ["DF", "GO", "MS", "MT"]}, "parallel_pretrends": {"passed": false, "wald_p": 0.017728678243855447, "max_lead_abs": 3.400986323391069, "band": 1.9344062359406282, "n_leads": 4, "min_detectable_lead": 3.8497505944616552, "leads": {"-5": -2.4828544960015355, "-4": -1.3223954684448072, "-3": -0.830659109187635, "-2": 3.400986323391069}}, "adequate_n": {"passed": false, "treated_orders": 3604, "control_orders": 27884, "week_cell_share_ge_20": 0.45011600928074247, "treated_states": 16, "control_states": 7, "n_week_cells": 431}}}}
